Player,Pos,Age,Tm,G,GS,MP,FG,FGA,FG%,3P,3PA,3P%,2P,2PA,2P%,eFG%,FT,FTA,FT%,ORB,DRB,TRB,AST,STL,BLK,TOV,PF,PTS
Deng Adel,SF,21,CLE,19,3,10.2,0.6,1.9,.306,0.3,1.2,.261,0.3,0.7,.385,.389,0.2,0.2,1.000,0.2,0.8,1.0,0.3,0.1,0.2,0.3,0.7,1.7
Kostas Antetokounmpo,PF,21,DAL,2,0,5.5,0.0,1.5,.000,0.0,0.0,0,0.0,1.5,.000,.000,1.0,2.0,.500,0.0,0.5,0.5,0.0,1.0,0.0,0.5,0.0,1.0
Harrison Barnes,PF,26,DAL,49,49,32.3,5.9,14.6,.404,2.5,6.3,.389,3.4,8.3,.416,.489,3.4,4.0,.833,0.7,3.5,4.2,1.3,0.7,0.2,1.4,1.6,17.7
Aron Baynes,C,32,BOS,51,18,16.1,2.1,4.4,.471,0.4,1.2,.344,1.6,3.2,.519,.518,1.0,1.2,.855,1.7,3.0,4.7,1.1,0.2,0.7,0.8,2.5,5.6
Jaron Blossomgame,SF,25,CLE,27,4,16.3,1.7,3.9,.443,0.4,1.4,.256,1.4,2.5,.552,.491,0.4,0.5,.769,1.0,2.7,3.6,0.5,0.3,0.3,0.4,0.7,4.2
Wendell Carter Jr.,C,19,CHI,44,44,25.2,4.1,8.4,.485,0.1,0.7,.188,4.0,7.7,.513,.493,2.0,2.5,.795,2.0,5.0,7.0,1.8,0.6,1.3,1.5,3.5,10.3
Marquese Chriss,PF,21,CLE,27,2,14.6,2.1,5.4,.384,0.6,2.1,.263,1.5,3.3,.461,.435,1.0,1.4,.684,1.2,3.0,4.2,0.6,0.6,0.3,0.9,2.4,5.7
Sam Dekker,PF,24,CLE,9,5,18.8,2.4,5.3,.458,0.6,1.4,.385,1.9,3.9,.486,.510,0.9,1.1,.800,1.0,2.7,3.7,1.0,1.2,0.0,0.6,1.4,6.3
Cristiano Felício,C,26,CHI,60,0,12.4,1.6,3.0,.531,0.0,0.1,.000,1.6,2.9,.543,.531,0.8,1.2,.685,1.3,2.3,3.6,0.6,0.2,0.1,0.6,1.2,4.0
Dorian Finney-Smith,SF,25,DAL,81,26,24.5,2.8,6.5,.432,1.0,3.1,.311,1.8,3.4,.544,.507,0.9,1.3,.709,1.7,3.1,4.8,1.2,0.9,0.4,0.9,2.3,7.5
Channing Frye,C,35,CLE,36,6,9.5,1.2,3.3,.368,0.9,2.2,.405,0.3,1.1,.289,.504,0.3,0.4,.786,0.1,1.3,1.4,0.6,0.2,0.1,0.4,1.2,3.6
Gordon Hayward,PF,28,BOS,72,18,25.9,4.1,8.8,.466,1.1,3.2,.333,3.0,5.6,.542,.527,2.2,2.6,.834,0.7,3.8,4.5,3.4,0.9,0.3,1.5,1.4,11.5
John Holland,SF,30,CLE,1,0,1.0,0.0,0.0,0,0.0,0.0,0,0.0,0.0,0,0,0.0,0.0,0,0.0,0.0,0.0,0.0,0.0,0.0,0.0,0.0,0.0
Al Horford,C,32,BOS,68,68,29.0,5.7,10.6,.535,1.1,3.0,.360,4.6,7.6,.604,.586,1.1,1.4,.821,1.8,5.0,6.7,4.2,0.9,1.3,1.5,1.9,13.6
Chandler Hutchison,SF,22,CHI,44,14,20.3,2.2,4.8,.459,0.3,1.1,.280,1.9,3.6,.516,.493,0.5,0.9,.605,0.7,3.5,4.2,0.8,0.5,0.1,0.6,1.3,5.2
Justin Jackson,SF,23,DAL,29,11,18.3,3.2,6.6,.484,1.1,3.0,.372,2.1,3.6,.577,.568,0.7,1.0,.724,0.7,1.6,2.3,1.0,0.3,0.0,0.2,1.1,8.2
Jalen Jones,SF,25,CLE,16,0,13.4,1.6,3.9,.419,0.6,1.8,.357,1.0,2.1,.471,.500,1.2,1.7,.704,0.7,1.4,2.1,0.4,0.6,0.1,0.5,1.7,5.1
DeAndre Jordan,C,30,DAL,50,50,31.1,4.2,6.5,.644,0.0,0.0,0,4.2,6.5,.644,.644,2.7,4.0,.682,3.2,10.5,13.7,2.0,0.7,1.1,2.2,2.5,11.0
Maxi Kleber,PF,27,DAL,71,18,21.2,2.5,5.4,.453,1.1,3.1,.353,1.4,2.4,.583,.553,0.8,1.0,.784,1.3,3.4,4.6,1.0,0.5,1.1,0.8,2.0,6.8
Kyle Korver,PF,37,CLE,16,0,15.7,2.2,4.8,.461,1.6,3.4,.463,0.6,1.4,.455,.625,0.8,1.0,.813,0.0,1.8,1.8,1.1,0.2,0.1,1.1,1.4,6.8
Robin Lopez,C,30,CHI,74,36,21.7,4.1,7.2,.568,0.1,0.4,.226,4.0,6.8,.589,.575,1.2,1.7,.724,1.9,2.0,3.9,1.2,0.1,1.1,1.3,1.7,9.5
Kevin Love,PF,30,CLE,22,21,27.2,5.0,12.9,.385,2.4,6.7,.361,2.5,6.2,.412,.479,4.7,5.2,.904,1.5,9.4,10.9,2.2,0.3,0.2,1.9,2.5,17.0
Timothé Luwawu-Cabarrot,SF,23,CHI,29,6,18.8,2.4,6.0,.394,1.1,3.2,.330,1.3,2.8,.469,.483,0.9,1.2,.771,0.2,2.5,2.7,0.8,0.5,0.2,0.6,2.0,6.8
Lauri Markkanen,PF,21,CHI,52,51,32.3,6.6,15.3,.430,2.3,6.4,.361,4.3,8.9,.479,.506,3.3,3.8,.872,1.4,7.6,9.0,1.4,0.7,0.6,1.6,2.3,18.7
Wesley Matthews,SF,32,DAL,44,44,29.8,4.4,10.7,.414,2.3,6.0,.380,2.1,4.7,.456,.520,2.0,2.5,.791,0.5,1.9,2.3,2.3,0.8,0.3,1.3,2.3,13.1
Salah Mejri,C,32,DAL,36,4,11.1,1.5,3.1,.491,0.3,0.9,.324,1.2,2.2,.564,.540,0.6,0.9,.625,1.0,2.6,3.6,1.0,0.3,0.7,0.6,1.5,3.9
Greg Monroe,C,28,BOS,2,0,2.5,1.5,2.5,.600,0.0,0.0,0,1.5,2.5,.600,.600,0.0,0.0,0,1.5,0.0,1.5,0.5,0.0,0.0,0.0,0.0,3.0
Marcus Morris,PF,29,BOS,75,53,27.9,5.0,11.3,.447,1.9,5.2,.375,3.1,6.1,.508,.533,1.9,2.3,.844,1.0,5.1,6.1,1.5,0.6,0.3,1.2,2.4,13.9
Larry Nance Jr.,C,26,CLE,67,30,26.8,3.7,7.1,.520,0.5,1.5,.337,3.2,5.7,.567,.554,1.4,2.0,.716,2.5,5.7,8.2,3.2,1.5,0.6,1.4,2.9,9.4
Dirk Nowitzki,PF,40,DAL,51,20,15.6,2.6,7.4,.359,1.3,4.0,.312,1.4,3.4,.415,.444,0.8,1.0,.780,0.1,3.0,3.1,0.7,0.2,0.4,0.4,1.5,7.3
David Nwaba,SF,26,CLE,51,14,19.3,2.5,5.1,.481,0.5,1.5,.320,2.0,3.7,.545,.527,1.1,1.7,.682,0.8,2.4,3.2,1.1,0.7,0.3,0.6,2.1,6.5
Semi Ojeleye,PF,24,BOS,56,3,10.6,1.2,2.8,.424,0.5,1.6,.315,0.7,1.2,.565,.513,0.4,0.7,.615,0.4,1.1,1.5,0.4,0.2,0.1,0.3,0.8,3.3
Cedi Osman,SF,23,CLE,76,75,32.2,4.7,11.1,.427,1.7,4.9,.348,3.0,6.2,.489,.504,1.9,2.4,.779,0.6,4.1,4.7,2.6,0.8,0.1,1.5,2.6,13.0
Jabari Parker,PF,23,CHI,39,17,26.7,5.6,11.9,.474,0.9,2.9,.325,4.7,9.0,.523,.514,2.0,2.8,.731,1.1,5.1,6.2,2.2,0.6,0.4,2.2,2.2,14.3
Otto Porter Jr.,SF,25,CHI,15,15,32.8,6.5,13.4,.483,2.6,5.3,.488,3.9,8.1,.479,.580,1.9,2.1,.906,0.9,4.6,5.5,2.7,1.2,0.6,1.7,1.9,17.5
Bobby Portis,PF,23,CHI,22,6,24.1,5.5,12.3,.450,1.2,3.3,.375,4.3,9.0,.477,.500,1.8,2.3,.780,2.1,5.2,7.3,1.3,0.5,0.4,1.3,2.8,14.1
Dwight Powell,C,27,DAL,77,22,21.6,3.8,6.3,.597,0.5,1.6,.307,3.3,4.7,.699,.637,2.5,3.3,.772,1.8,3.5,5.3,1.5,0.6,0.6,0.9,2.6,10.6
JaKarr Sampson,SF,25,CHI,4,0,31.8,7.3,13.5,.537,1.3,3.5,.357,6.0,10.0,.600,.583,4.3,5.3,.810,1.3,6.8,8.0,1.0,1.0,0.8,1.0,2.0,20.0
Ray Spalding,PF,21,DAL,1,0,1.0,0.0,0.0,0,0.0,0.0,0,0.0,0.0,0,0,0.0,0.0,0,0.0,0.0,0.0,0.0,0.0,0.0,0.0,0.0,0.0
Jayson Tatum,SF,20,BOS,79,79,31.1,5.9,13.1,.450,1.5,3.9,.373,4.4,9.2,.483,.506,2.5,2.9,.855,0.9,5.2,6.0,2.1,1.1,0.7,1.5,2.1,15.7
Daniel Theis,C,26,BOS,66,2,13.8,2.2,4.0,.549,0.4,1.0,.388,1.8,3.0,.603,.598,0.8,1.2,.737,1.3,2.1,3.4,1.0,0.3,0.6,0.5,2.4,5.7
Tristan Thompson,C,27,CLE,43,40,27.9,4.7,8.8,.529,0.0,0.0,0,4.7,8.8,.529,.529,1.6,2.5,.642,4.0,6.2,10.2,2.0,0.7,0.4,1.4,2.1,10.9
Robert Williams,C,21,BOS,32,2,8.8,1.1,1.6,.706,0.0,0.0,0,1.1,1.6,.706,.706,0.3,0.5,.600,0.8,1.7,2.5,0.2,0.3,1.3,0.3,1.1,2.5
Guerschon Yabusele,PF,23,BOS,41,1,6.1,0.9,1.9,.455,0.2,0.7,.321,0.6,1.2,.531,.513,0.4,0.5,.682,0.6,0.7,1.3,0.4,0.2,0.2,0.4,0.8,2.3
Ante Žižić,C,22,CLE,59,25,18.3,3.1,5.6,.553,0.0,0.0,0,3.1,5.6,.553,.553,1.6,2.2,.705,1.8,3.6,5.4,0.9,0.2,0.4,1.0,1.9,7.8
